{
    "paragraphs": [
      {
          "id": 1,
          "title": "The origin of DWS wine",
          "author": "DWS",
          "image":"../Images/DWS_origin.jpg",
          "content": "We built careers in some of the largest, most successful wine companies in the world, but that sometimes meant toeing the company line rather than doing what was right for our relationships, our brands, or the health of the business. So we set out to build a  company that would put those things first."
      },
  
      {
        "id": 2,
          "title": "The production process",
          "author": "DWS",
          "image":"../Images/DWS_origin.jpg",
          "content": " The production process. Many countries enact legal appellations intended to define styles and qualities of wine. These typically restrict the geographical origin and permitted varieties of grapes, as well as other aspects of wine production. Wines not made from grapes include rice wine and fruit wines such as plum, cherry, pomegranate, currant and elderberr."
      },
  
      {
        "id": 3,
          "title": "The origin of DWS wine",
          "author": "DWS",
          "image":"../Images/DWS_origin.jpg",
          "content": " The production process. Many countries enact legal appellations intended to define styles and qualities of wine. These typically restrict the geographical origin and permitted varieties of grapes, as well as  other aspects of wine production. Wines not made from grapes include rice wine and fruit wines such as plum, cherry, pomegranate, currant and elderberry."
      },
  
      {
        "id": 4,
          "title": "The origin of DWS wine",
          "author": "DWS",
          "image":"../Images/DWS_origin.jpg",
          "content": " Building a new company has been the hardest work we've ever done, but we feel lucky to work with people we trust, sell wines that we believe in,  and make the decisions that we feel are good, not just beneficial. Whether in wine, hospitality, or event production, we strive to create JOY for our customers, our team, our community, and the world. DWS Wine Group is the realization of our vision to tell stories through wine."
      }
    ],
    "admin": [
      {
        "id": 1,
        "name": "Cao",
        "username": "caomaxpro",
        "password": "123456"
      },

      {
        "id": 2,
        "name": "Cao max", 
        "username": "caomaxpro_2",
        "password": "123789"
      }

    ],
    "profile": {
      "name": "typicode"
    }

  }
